{
  "generator-jhipster": {
    "skipServer": true,
    "skipFakeData": true,
    "skipUserManagement": true,
    "jhiPrefix": "olga",
    "applicationType": "monolith",
    "baseName": "olgaAngular",
    "jhipsterVersion": "7.3.0",
    "skipClient": false,
    "skipCheckLengthOfIdentifier": false,
    "entitySuffix": "",
    "dtoSuffix": "DTO",
    "testFrameworks": ["protractor"],
    "blueprints": [],
    "otherModules": [],
    "pages": [],
    "creationTimestamp": 1641852284277,
    "clientFramework": "angularX",
    "withAdminUi": false,
    "clientTheme": "pulse",
    "clientThemeVariant": "primary",
    "enableTranslation": false,
    "nativeLanguage": "en",
    "devServerPort": 4200,
    "clientPackageManager": "npm",
    "packageName": "com.mycompany.myapp",
    "cacheProvider": "ehcache",
    "websocket": false,
    "databaseType": "sql",
    "prodDatabaseType": "postgresql",
    "devDatabaseType": "h2Disk",
    "searchEngine": false,
    "buildTool": "maven",
    "serverPort": "8080",
    "authenticationType": "jwt",
    "serviceDiscoveryType": false,
    "enableHibernateCache": true,
    "reactive": false,
    "enableGradleEnterprise": false,
    "languages": ["en", "fr"],
    "lastLiquibaseTimestamp": 1642022075000,
    "entities": ["Artist", "Customer", "Item", "Image", "NewsItem", "Order", "OrderItem", "Publisher"]
  }
}
